Timestep,Total Energy,Kinetic Energy,Potential Energy,Temperature,Stress,Strain
0,-25594.3,95.6592,-25690,106.481,1.00134e-05,0.05
100,-25594.2,89.0727,-25683.3,99.1505,-0.000511111,0.1
200,-25594.3,79.3153,-25673.6,88.2879,-0.00115239,0.15
300,-25594.5,87.1192,-25681.6,96.9745,-0.00156677,0.2
400,-25594.6,87.9973,-25682.6,97.9551,-0.00106,0.25
500,-25594.6,94.3906,-25688.9,105.07,0.000784986,0.3
600,-25594.3,84.8497,-25679.2,94.4527,0.00257518,0.35
700,-25594.1,96.5996,-25690.7,107.529,0.00506526,0.4
800,-25593.4,69.2862,-25662.7,77.1267,0.00743938,0.45
900,-25592.8,85.9876,-25678.8,95.7159,0.00751309,0.5
1000,-25592.3,66.5523,-25658.9,74.0815,0.00856499,0.55
1100,-25591.5,82.9211,-25674.5,92.3026,0.0106989,0.6
1200,-25590.8,86.5449,-25677.3,96.3365,0.00854304,0.65
1300,-25590.4,81.3643,-25671.8,90.5689,0.00589916,0.7
1400,-25590.1,96.7751,-25686.9,107.725,0.00448024,0.75
1500,-25589.9,87.6204,-25677.6,97.5329,0.00159373,0.8
1600,-25589.9,83.1267,-25673.1,92.5324,0.00185609,0.85
1700,-25589.8,88.3799,-25678.1,98.3782,0.00167651,0.9
1800,-25589.7,82.4397,-25672.1,91.7673,0.00211152,0.95
1900,-25589.4,100.889,-25690.3,112.305,0.00410446,1
2000,-25589,84.1488,-25673.1,93.6688,0.0051737,1.05
2100,-25588.5,79.5344,-25668.1,88.5344,0.00752185,1.1
2200,-25587.8,78.8449,-25666.6,87.764,0.00957315,1.15
2300,-25587,70.635,-25657.7,78.6273,0.0104522,1.2
2400,-25586.3,90.986,-25677.2,101.278,0.0106041,1.25
2500,-25585.5,90.1245,-25675.6,100.322,0.00961545,1.3
2600,-25584.9,77.2248,-25662.1,85.9638,0.00856427,1.35
2700,-25584.4,107.973,-25692.4,120.189,0.00640578,1.4
2800,-25584.1,78.9423,-25663,87.8747,0.00475652,1.45
2900,-25583.9,82.7424,-25666.6,92.1034,0.00388354,1.5
3000,-25583.6,88.1631,-25671.8,98.1376,0.00316174,1.55
3100,-25583.4,109.303,-25692.7,121.67,0.00294146,1.6
3200,-25583.2,80.6064,-25663.8,89.7272,0.0036053,1.65
3300,-25582.9,89.5838,-25672.4,99.7196,0.0055714,1.7
3400,-25582.3,69.4255,-25651.7,77.2805,0.00685126,1.75
3500,-25581.7,91.3868,-25673.1,101.728,0.00846383,1.8
3600,-25581,77.4425,-25658.4,86.2058,0.0102118,1.85
3700,-25580.2,77.2153,-25657.4,85.9549,0.0107212,1.9
3800,-25579.4,93.1201,-25672.6,103.655,0.010689,1.95
3900,-25578.7,77.0024,-25655.7,85.7137,0.0102629,2
4000,-25578,76.1915,-25654.2,84.8121,0.00810507,2.05
4100,-25577.7,109.255,-25686.9,121.616,0.00660923,2.1
4200,-25577.2,74.9306,-25652.1,83.4088,0.00552299,2.15
4300,-25576.9,74.7658,-25651.7,83.2223,0.00358889,2.2
4400,-25576.8,89.7835,-25666.6,99.9417,0.00223859,2.25
4500,-25576.7,93.4162,-25670.1,103.986,0.00284925,2.3
4600,-25576.4,86.608,-25663,96.4072,0.00428561,2.35
4700,-25576,68.514,-25644.5,76.2673,0.00603908,2.4
4800,-25575.4,104.152,-25679.6,115.936,0.00859828,2.45
4900,-25574.6,62.4464,-25637,69.5102,0.0106681,2.5
5000,-25573.8,82.1518,-25655.9,91.4481,0.0112352,2.55
5100,-25572.9,82.1753,-25655.1,91.4738,0.0111609,2.6
5200,-25572.2,93.5311,-25665.7,104.116,0.0115134,2.65
5300,-25571.3,86.4975,-25657.8,96.2855,0.0116731,2.7
5400,-25570.5,84.5997,-25655.1,94.1702,0.00988692,2.75
5500,-25570,89.5415,-25659.5,99.672,0.00779856,2.8
5600,-25569.6,101.889,-25671.5,113.417,0.00537611,2.85
5700,-25569.3,84.8948,-25654.2,94.5031,0.00511777,2.9
5800,-25568.9,87.2466,-25656.1,97.1168,0.0055097,2.95
5900,-25568.5,97.2679,-25665.7,108.275,0.00617621,3
6000,-25567.9,84.8157,-25652.8,94.4139,0.00774424,3.05
6100,-25567.3,87.1827,-25654.5,97.0473,0.00833346,3.1
6200,-25566.7,76.1082,-25642.8,84.7192,0.00997418,3.15
6300,-25565.7,93.556,-25659.3,104.142,0.0119458,3.2
6400,-25564.9,82.9543,-25647.9,92.3412,0.0112643,3.25
6500,-25564,70.3655,-25634.3,78.3258,0.0140447,3.3
6600,-25562.9,101.559,-25664.5,113.051,0.0128427,3.35
6700,-25562.2,82.5859,-25644.8,91.9287,0.0101384,3.4
6800,-25561.6,82.6449,-25644.2,91.9972,0.0093332,3.45
6900,-25561,104.139,-25665.1,115.921,0.0078255,3.5
7000,-25560.5,88.0885,-25648.6,98.0591,0.00707034,3.55
7100,-25560,86.7165,-25646.7,96.5272,0.00670988,3.6
7200,-25559.6,94.2231,-25653.9,104.886,0.00595562,3.65
7300,-25559.2,83.7122,-25642.9,93.1822,0.00577245,3.7
7400,-25558.8,80.462,-25639.2,89.5656,0.00700538,3.75
7500,-25558.1,91.5845,-25649.7,101.945,0.0101483,3.8
7600,-25557.2,87.1778,-25644.4,97.0409,0.0119222,3.85
7700,-25556.2,82.3342,-25638.6,91.6491,0.0126969,3.9
7800,-25555.3,75.8564,-25631.2,84.4394,0.0127538,3.95
7900,-25554.4,94.4663,-25648.9,105.153,0.0116983,4
8000,-25553.7,79.0661,-25632.7,88.0134,0.0107997,4.05
8100,-25552.9,89.3375,-25642.3,99.4443,0.0110535,4.1
8200,-25552.2,82.6634,-25634.8,92.0154,0.00952142,4.15
8300,-25551.7,103.959,-25655.6,115.721,0.00664685,4.2
8400,-25551.3,80.1581,-25631.5,89.2281,0.00594873,4.25
8500,-25551,98.3565,-25649.3,109.486,0.00540394,4.3
8600,-25550.6,78.0717,-25628.7,86.9017,0.00506729,4.35
8700,-25550.2,86.1726,-25636.3,95.9242,0.00719265,4.4
8800,-25549.5,68.5233,-25618,76.2743,0.00868767,4.45
8900,-25548.8,84.2993,-25633.1,93.8387,0.0104782,4.5
9000,-25547.9,87.1626,-25635.1,97.023,0.0113738,4.55
9100,-25547.1,86.639,-25633.7,96.442,0.0118447,4.6
9200,-25546.1,81.2727,-25627.4,90.4673,0.0130706,4.65
9300,-25545.2,102.352,-25647.5,113.931,0.0131296,4.7
9400,-25544.2,67.0018,-25611.2,74.5814,0.0122991,4.75
9500,-25543.5,94.5417,-25638,105.238,0.0113919,4.8
9600,-25542.7,79.1302,-25621.9,88.0836,0.00966722,4.85
9700,-25542.2,105.315,-25647.5,117.232,0.00761059,4.9
9800,-25541.7,87.6664,-25629.4,97.5856,0.00769779,4.95
9900,-25541.1,93.8192,-25634.9,104.436,0.00892262,5
10000,-25540.4,71.0795,-25611.5,79.1197,0.00881551,5.05
10100,-25539.8,83.8914,-25623.7,93.3846,0.0100317,5.1
10200,-25539,87.7248,-25626.7,97.6472,0.0105195,5.15
10300,-25538.2,91.0158,-25629.2,101.313,0.0120676,5.2
10400,-25537.1,80.9309,-25618.1,90.0859,0.0147918,5.25
10500,-25536,87.0841,-25623.1,96.9384,0.0148965,5.3
10600,-25535,91.5094,-25626.5,101.862,0.0148644,5.35
10700,-25533.9,66.6563,-25600.5,74.1981,0.0142287,5.4
10800,-25533,93.057,-25626,103.586,0.0125645,5.45
10900,-25532.2,96.4226,-25628.6,107.333,0.0104665,5.5
11000,-25531.6,99.3859,-25631,110.631,0.00912369,5.55
11100,-25531,83.2539,-25614.3,92.6727,0.00874442,5.6
11200,-25530.4,96.7598,-25627.2,107.709,0.00822895,5.65
11300,-25529.9,77.4205,-25607.3,86.1797,0.00741688,5.7
11400,-25529.4,91.2735,-25620.6,101.601,0.00776943,5.75
11500,-25528.7,98.7102,-25627.4,109.879,0.00948312,5.8
11600,-25527.8,78.4656,-25606.3,87.3428,0.0124581,5.85
11700,-25526.8,77.1981,-25604,85.9354,0.0127564,5.9
11800,-25526,89.0734,-25615.1,99.1488,0.0123253,5.95
11900,-25525,84.4556,-25609.5,94.0125,0.0140563,6
12000,-25524,87.499,-25611.5,97.3971,0.0131734,6.05
12100,-25523.1,79.3447,-25602.5,88.3224,0.012279,6.1
12200,-25522.3,75.5267,-25597.8,84.0729,0.0110838,6.15
12300,-25521.7,87.601,-25609.3,97.5141,0.00999626,6.2
12400,-25521,106.853,-25627.8,118.945,0.00870181,6.25
12500,-25520.5,83.1584,-25603.6,92.5651,0.00663173,6.3
12600,-25520.1,81.6724,-25601.8,90.9155,0.00651357,6.35
12700,-25519.6,85.6129,-25605.2,95.299,0.00769621,6.4
12800,-25518.9,69.0395,-25588,76.8519,0.00912652,6.45
12900,-25518.2,81.5448,-25599.8,90.7704,0.0101832,6.5
13000,-25517.5,94.502,-25612,105.196,0.0106013,6.55
13100,-25516.5,54.5899,-25571.1,60.7669,0.0125763,6.6
13200,-25515.6,96.3127,-25611.9,107.21,0.0125828,6.65
13300,-25514.7,80.0721,-25594.8,89.13,0.0129252,6.7
13400,-25513.8,82.503,-25596.3,91.8372,0.0129394,6.75
13500,-25512.9,96.5346,-25609.4,107.456,0.012706,6.8
13600,-25512,93.1924,-25605.2,103.737,0.0118208,6.85
13700,-25511.2,57.991,-25569.2,64.5508,0.00941103,6.9
13800,-25510.8,104.578,-25615.4,116.414,0.00877614,6.95
13900,-25510.1,100.586,-25610.7,111.969,0.00988318,7
14000,-25509.3,66.7198,-25576,74.2677,0.0103241,7.05
14100,-25508.6,92.2847,-25600.8,102.725,0.0109835,7.1
14200,-25507.8,95.2774,-25603,106.057,0.0115236,7.15
14300,-25506.8,63.5528,-25570.4,70.7446,0.0122091,7.2
14400,-25505.9,90.6784,-25596.6,100.94,0.0137037,7.25
14500,-25504.9,85.9535,-25590.8,95.6776,0.0147312,7.3
14600,-25503.7,90.4383,-25594.2,100.671,0.0152653,7.35
14700,-25502.6,87.3352,-25590,97.2176,0.0150139,7.4
14800,-25501.6,96.1089,-25597.7,106.984,0.0139593,7.45
14900,-25500.7,68.0535,-25568.8,75.7537,0.0116251,7.5
15000,-25500.1,83.1364,-25583.2,92.5452,0.0101731,7.55
15100,-25499.4,78.8575,-25578.3,87.7799,0.0102818,7.6
15200,-25498.6,104.709,-25603.4,116.555,0.0101445,7.65
15300,-25498,91.2439,-25589.2,101.568,0.00892685,7.7
15400,-25497.4,89.12,-25586.5,99.2046,0.00918207,7.75
15500,-25496.7,79.503,-25576.2,88.4996,0.00994744,7.8
15600,-25495.9,74.2732,-25570.2,82.6781,0.0109655,7.85
15700,-25495.1,80.4598,-25575.5,89.5646,0.0123375,7.9
15800,-25494,82.363,-25576.4,91.6813,0.0138836,7.95
15900,-25493,96.5867,-25589.6,107.517,0.0137921,8
16000,-25492.1,94.949,-25587,105.692,0.0124887,8.05
16100,-25491.3,80.9659,-25572.2,90.1261,0.0116825,8.1
16200,-25490.5,79.3996,-25569.9,88.3854,0.0116477,8.15
16300,-25489.6,84.82,-25574.4,94.4177,0.0115233,8.2
16400,-25488.9,88.624,-25577.5,98.6511,0.0105397,8.25
16500,-25488.2,71.6222,-25559.9,79.7248,0.009099,8.3
16600,-25487.6,93.3108,-25580.9,103.867,0.00947749,8.35
16700,-25486.9,103,-25589.9,114.652,0.00951566,8.4
16800,-25486.2,76.9565,-25563.2,85.6641,0.0100934,8.45
16900,-25485.4,90.3911,-25575.7,100.617,0.0121219,8.5
17000,-25484.4,81.808,-25566.2,91.0643,0.0119397,8.55
17100,-25483.6,72.791,-25556.4,81.0265,0.0123851,8.6
17200,-25482.7,66.8935,-25549.6,74.4624,0.0121531,8.65
17300,-25481.9,91.9007,-25573.8,102.299,0.0120664,8.7
17400,-25480.9,82.3965,-25563.3,91.72,0.0131861,8.75
17500,-25480,92.6915,-25572.7,103.18,0.0124412,8.8
17600,-25479.2,83.6328,-25562.8,93.0951,0.0108011,8.85
17700,-25478.6,98.3865,-25576.9,109.518,0.0095674,8.9
17800,-25477.9,79.3672,-25557.2,88.346,0.00990811,8.95
17900,-25477.1,68.9192,-25546,76.7156,0.00991351,9
18000,-25476.5,97.3683,-25573.9,108.386,0.00970563,9.05
18100,-25475.7,92.8671,-25568.6,103.375,0.0110966,9.1
18200,-25474.9,70.7587,-25545.6,78.7619,0.010851,9.15
18300,-25474.1,90.4656,-25564.6,100.704,0.0124536,9.2
18400,-25473.1,80.9519,-25554,90.11,0.0131857,9.25
18500,-25472.2,77.1333,-25549.3,85.8621,0.0135271,9.3
18600,-25471.1,84.452,-25555.5,94.0058,0.0160333,9.35
18700,-25469.8,80.0006,-25549.8,89.0524,0.0145082,9.4
18800,-25469,85.264,-25554.3,94.911,0.0121408,9.45
18900,-25468.3,108.956,-25577.2,121.282,0.0120552,9.5
19000,-25467.4,76.1289,-25543.5,84.7427,0.0118024,9.55
19100,-25466.5,74.4362,-25541,82.857,0.0119401,9.6
19200,-25465.7,93.0763,-25558.8,103.609,0.0105348,9.65
19300,-25465.1,89.159,-25554.2,99.2452,0.0105806,9.7
19400,-25464.2,75.8533,-25540.1,84.4373,0.0110656,9.75
19500,-25463.5,97.429,-25560.9,108.452,0.0114938,9.8
19600,-25462.6,89.3809,-25551.9,99.4951,0.0129204,9.85
19700,-25461.6,87.0839,-25548.7,96.9356,0.0136145,9.9
19800,-25460.5,90.8458,-25551.3,101.123,0.0148641,9.95
19900,-25459.4,63.4834,-25522.9,70.6659,0.0139513,10
20000,-25458.5,80.3977,-25538.9,89.4922,0.0131854,10.05
20100,-25457.7,88.6469,-25546.3,98.6773,0.0114705,10.1
20200,-25456.9,100.657,-25557.6,112.045,0.0121387,10.15
20300,-25456,91.3778,-25547.3,101.717,0.012374,10.2
20400,-25455.2,83.3996,-25538.6,92.8396,0.00976726,10.25
20500,-25454.6,86.7887,-25541.4,96.6079,0.00923155,10.3
20600,-25453.9,81.1653,-25535.1,90.3462,0.00931183,10.35
20700,-25453.3,79.3153,-25532.6,88.2894,0.00942573,10.4
20800,-25452.6,94.9363,-25547.5,105.679,0.0110254,10.45
20900,-25451.7,87.0501,-25538.8,96.8999,0.011336,10.5
21000,-25450.8,75.6102,-25526.4,84.163,0.0129522,10.55
21100,-25449.8,68.6916,-25518.5,76.4639,0.0131932,10.6
21200,-25448.9,98.5342,-25547.5,109.682,0.0125908,10.65
21300,-25448,79.8247,-25527.8,88.8567,0.0134037,10.7
21400,-25447,85.9138,-25532.9,95.6342,0.0127284,10.75
21500,-25446.2,71.8488,-25518,79.9769,0.0116908,10.8
21600,-25445.5,103.83,-25549.3,115.579,0.0101104,10.85
21700,-25444.8,69.8616,-25514.7,77.7652,0.00899482,10.9
21800,-25444.3,91.1503,-25535.4,101.464,0.00829628,10.95
21900,-25443.7,94.303,-25538,104.97,0.00837391,11
22000,-25443,78.5763,-25521.6,87.466,0.00946301,11.05
22100,-25442.3,75.7688,-25518.1,84.3432,0.00986109,11.1
22200,-25441.6,91.1645,-25532.8,101.482,0.0110896,11.15
22300,-25440.7,78.0187,-25518.7,86.8474,0.0116397,11.2
22400,-25439.9,91.7721,-25531.7,102.165,0.0115728,11.25
22500,-25439,92.5237,-25531.5,103.003,0.0133447,11.3
22600,-25437.9,72.4516,-25510.4,80.6419,0.0127267,11.35
22700,-25437.2,95.2289,-25532.4,105.992,0.0107203,11.4
22800,-25436.5,91.4887,-25528,101.811,0.00966697,11.45
22900,-25435.9,75.0247,-25510.9,83.5085,0.00774091,11.5
23000,-25435.5,90.5552,-25526,100.787,0.0065762,11.55
23100,-25435.1,82.0037,-25517.1,91.2666,0.00559447,11.6
23200,-25434.7,84.1553,-25518.8,93.6913,0.00590078,11.65
23300,-25434.3,103.776,-25538,115.498,0.00592905,11.7
23400,-25433.8,99.2787,-25533.1,110.477,0.00607161,11.75
23500,-25433.3,73.8854,-25507.2,82.2339,0.00821749,11.8
23600,-25432.6,85.5192,-25518.1,95.2066,0.0095518,11.85
23700,-25431.8,100.587,-25532.4,111.98,0.0109421,11.9
23800,-25431,99.1316,-25530.1,110.396,0.0111965,11.95
23900,-25430.2,117.084,-25547.3,130.469,0.00986923,12
24000,-25429.6,123.413,-25553,137.528,0.00918713,12.05
24100,-25429,121.884,-25550.9,135.956,0.00756848,12.1
24200,-25428.6,127.321,-25555.9,142.143,0.00535109,12.15
24300,-25428.4,136.192,-25564.5,151.872,0.00341605,12.2
24400,-25428.3,131.427,-25559.7,146.659,0.00126973,12.25
24500,-25428.3,130.829,-25559.1,145.853,0.000657082,12.3
24600,-25428.3,144.392,-25572.7,160.774,-0.00032957,12.35
24700,-25428.4,144.394,-25572.8,160.686,-0.000733436,12.4
24800,-25428.3,128.007,-25556.3,142.352,0.00151781,12.45
24900,-25428.1,130.992,-25559.1,145.351,0.00221797,12.5
25000,-25427.9,130.859,-25558.8,145.369,0.00369426,12.55
25100,-25427.6,127.212,-25554.8,141.477,0.00443194,12.6
25200,-25427.3,127.55,-25554.9,141.994,0.00430286,12.65
25300,-25427,124.483,-25551.5,138.921,0.00512925,12.7
25400,-25426.7,127.077,-25553.8,141.556,0.00394531,12.75
25500,-25426.5,122.134,-25548.7,136.141,0.0016348,12.8
25600,-25426.5,123.169,-25549.7,137.152,0.000380587,12.85
25700,-25426.6,124.852,-25551.5,138.756,-0.00100276,12.9
25800,-25426.8,119.934,-25546.8,133.437,-0.00297089,12.95
25900,-25427.1,122.941,-25550,136.609,-0.00297785,13
26000,-25427.3,126.057,-25553.3,140.253,-0.00220816,13.05
26100,-25427.5,122.888,-25550.4,136.889,-0.00206016,13.1
26200,-25427.5,123.213,-25550.8,137.232,-0.000888651,13.15
26300,-25427.5,121.544,-25549,135.313,0.00109237,13.2
26400,-25427.2,115.744,-25543,128.959,0.00322252,13.25
26500,-25426.9,116.822,-25543.7,130.109,0.0054308,13.3
26600,-25426.5,117.251,-25543.7,130.545,0.00571118,13.35
26700,-25426.1,115.602,-25541.7,128.945,0.00508957,13.4
26800,-25425.7,124.139,-25549.9,138.242,0.00501299,13.45
26900,-25425.4,127.454,-25552.9,141.846,0.00460402,13.5
27000,-25425.2,131.979,-25557.1,146.899,0.00327423,13.55
27100,-25425,131.325,-25556.3,146.192,0.00237034,13.6
27200,-25424.9,125.994,-25550.9,140.311,0.00196296,13.65
27300,-25424.9,129.468,-25554.4,144.145,0.00118973,13.7
27400,-25424.8,131.436,-25556.3,146.348,0.000963426,13.75
27500,-25424.7,129.121,-25553.8,143.736,0.00234487,13.8
27600,-25424.5,127.798,-25552.3,142.291,0.00371497,13.85
27700,-25424.2,123.375,-25547.5,137.248,0.0042834,13.9
27800,-25423.7,121.717,-25545.4,135.5,0.00575324,13.95
27900,-25423.2,122.011,-25545.2,135.774,0.00755937,14
28000,-25422.6,122.972,-25545.6,136.756,0.00755806,14.05
28100,-25422,122.664,-25544.7,136.561,0.00698458,14.1
28200,-25421.5,126.089,-25547.6,140.388,0.00711664,14.15
28300,-25421.1,124.698,-25545.8,138.898,0.0061064,14.2
28400,-25420.8,125.637,-25546.5,139.808,0.0037239,14.25
28500,-25420.6,124.783,-25545.4,138.936,0.00294009,14.3
28600,-25420.5,121.847,-25542.3,135.695,0.00336043,14.35
28700,-25420.3,125.384,-25545.7,139.574,0.00240603,14.4
28800,-25420.1,126.223,-25546.4,140.629,0.00200311,14.45
28900,-25419.9,128.455,-25548.3,143.117,0.00385849,14.5
29000,-25419.5,121.182,-25540.7,134.902,0.00511569,14.55
29100,-25419,120.97,-25540,134.564,0.00507304,14.6
29200,-25418.5,118.608,-25537.1,131.993,0.00659326,14.65
29300,-25417.8,117.433,-25535.3,130.761,0.00846955,14.7
29400,-25417.2,122.602,-25539.8,136.479,0.00848821,14.75
29500,-25416.6,124.64,-25541.3,138.873,0.00734476,14.8
29600,-25416.1,127.121,-25543.3,141.545,0.00635934,14.85
29700,-25415.7,126.843,-25542.6,141.345,0.00606731,14.9
29800,-25415.4,128.245,-25543.7,142.888,0.00531257,14.95
29900,-25415.2,130.698,-25545.9,145.546,0.00374761,15
30000,-25415,128.728,-25543.7,143.279,0.002998,15.05
30100,-25414.7,129.013,-25543.8,143.568,0.00366579,15.1
30200,-25414.5,131.383,-25545.8,146.291,0.00456649,15.15
30300,-25414.1,130.585,-25544.7,145.566,0.00509009,15.2
30400,-25413.6,123.938,-25537.6,137.979,0.00669301,15.25
30500,-25413.1,125.278,-25538.4,139.88,0.00792789,15.3
30600,-25412.5,125.787,-25538.3,140.406,0.00846153,15.35
30700,-25411.9,122.714,-25534.6,137.243,0.00834306,15.4
30800,-25411.3,129.372,-25540.7,144.437,0.00672452,15.45
30900,-25410.8,132.44,-25543.3,147.704,0.00569877,15.5
31000,-25410.4,131.937,-25542.4,147.303,0.00511438,15.55
31100,-25410.2,130.618,-25540.8,145.763,0.00430824,15.6
31200,-25410,131.68,-25541.6,146.996,0.00310209,15.65
31300,-25409.8,133.389,-25543.2,148.595,0.00264146,15.7
31400,-25409.6,133.743,-25543.4,149.164,0.002518,15.75
31500,-25409.4,132.347,-25541.8,147.394,0.0027317,15.8
31600,-25409.1,131.681,-25540.8,146.582,0.00369407,15.85
31700,-25408.8,129.098,-25537.9,144.091,0.00500638,15.9
31800,-25408.3,125.166,-25533.5,139.651,0.00614949,15.95
31900,-25407.9,122.417,-25530.3,136.305,0.00744024,16
32000,-25407.3,125.2,-25532.5,139.643,0.00775243,16.05
32100,-25406.8,126.142,-25533,140.459,0.00742501,16.1
32200,-25406.4,131.254,-25537.6,146.099,0.00613782,16.15
32300,-25406,134.838,-25540.8,150.37,0.00548602,16.2
32400,-25405.6,135.89,-25541.5,151.542,0.00516805,16.25
32500,-25405.4,136.091,-25541.5,151.505,0.00373156,16.3
32600,-25405.2,132.532,-25537.7,147.632,0.00294809,16.35
32700,-25405,135.1,-25540.1,150.485,0.00271265,16.4
32800,-25404.8,132.466,-25537.2,147.665,0.00246605,16.45
32900,-25404.5,131.005,-25535.5,146.064,0.00331081,16.5
33000,-25404.2,132.44,-25536.6,147.466,0.00482392,16.55
33100,-25403.7,128.393,-25532.1,142.932,0.00610625,16.6
33200,-25403.3,127.695,-25531,142.189,0.00664096,16.65
33300,-25402.7,126.487,-25529.2,140.944,0.00642396,16.7
33400,-25402.2,125.483,-25527.7,139.758,0.0067759,16.75
33500,-25401.7,128.794,-25530.5,143.59,0.00713214,16.8
33600,-25401.3,129.725,-25531,144.733,0.00575702,16.85
33700,-25400.9,132.406,-25533.4,147.536,0.00452589,16.9
33800,-25400.6,130.543,-25531.2,145.55,0.00384906,16.95
33900,-25400.4,132.262,-25532.7,147.374,0.00297166,17
34000,-25400.2,131.991,-25532.2,147,0.00317867,17.05
34100,-25400,132.189,-25532.2,147.47,0.00359563,17.1
34200,-25399.8,131.666,-25531.5,146.476,0.00394482,17.15
34300,-25399.5,133.937,-25533.4,149.122,0.00410046,17.2
34400,-25399.2,131.745,-25530.9,146.74,0.00475606,17.25
34500,-25398.8,128.38,-25527.1,142.997,0.00558272,17.3
34600,-25398.3,133.43,-25531.7,148.375,0.00642374,17.35
34700,-25397.8,130.606,-25528.4,145.522,0.00704666,17.4
34800,-25397.4,131.066,-25528.5,146.043,0.00661801,17.45
34900,-25397,136.158,-25533.1,151.23,0.00559722,17.5
35000,-25396.6,133.838,-25530.4,149.034,0.00482611,17.55
35100,-25396.3,136.605,-25532.9,151.902,0.00470093,17.6
35200,-25396.1,135.232,-25531.3,150.394,0.00345491,17.65
35300,-25395.8,135.525,-25531.4,150.752,0.00341639,17.7
35400,-25395.6,136.541,-25532.2,151.848,0.00378855,17.75
35500,-25395.4,134.736,-25530.1,149.792,0.00347961,17.8
35600,-25395.1,133.394,-25528.5,148.418,0.00414533,17.85
35700,-25394.8,134.049,-25528.9,149.14,0.00493821,17.9
35800,-25394.4,135.136,-25529.6,150.471,0.00466001,17.95
35900,-25394,129.608,-25523.6,144.475,0.00500871,18
36000,-25393.6,132.274,-25525.9,147.433,0.00648236,18.05
36100,-25393.2,133.113,-25526.3,148.187,0.00586371,18.1
36200,-25392.8,133.232,-25526,148.473,0.00422381,18.15
36300,-25392.4,134.939,-25527.3,150.232,0.00443987,18.2
36400,-25392.1,134.308,-25526.4,149.477,0.00472294,18.25
36500,-25391.8,135.279,-25527.1,150.631,0.00345022,18.3
36600,-25391.6,136.487,-25528.1,151.932,0.00289786,18.35
36700,-25391.4,133.794,-25525.2,148.803,0.00345043,18.4
36800,-25391.2,136.867,-25528.1,152.497,0.00322414,18.45
36900,-25391,135.51,-25526.5,150.568,0.00315098,18.5
37000,-25390.7,134.052,-25524.8,149.294,0.00344908,18.55
37100,-25390.4,135.347,-25525.8,150.478,0.00389011,18.6
37200,-25390.1,131.04,-25521.1,145.8,0.00392885,18.65
37300,-25389.7,132.565,-25522.3,147.292,0.00483961,18.7
37400,-25389.3,131.867,-25521.2,146.847,0.00536457,18.75
37500,-25389,132.621,-25521.6,147.943,0.00439269,18.8
37600,-25388.7,134.83,-25523.5,150.055,0.00494193,18.85
37700,-25388.4,135.599,-25524,151.023,0.0049359,18.9
37800,-25388.1,136.518,-25524.7,152.298,0.00328407,18.95
37900,-25388,139.653,-25527.6,155.448,0.00247269,19
38000,-25387.8,135.983,-25523.8,151.312,0.00285839,19.05
38100,-25387.6,138.488,-25526.1,154.38,0.00290802,19.1
38200,-25387.5,137.678,-25525.1,153.318,0.00304818,19.15
38300,-25387.3,135.918,-25523.2,151.391,0.00339092,19.2
38400,-25387,137.119,-25524.1,152.759,0.00395011,19.25
38500,-25386.7,134.296,-25521,149.435,0.00431417,19.3
38600,-25386.3,132.787,-25519.1,147.832,0.00453876,19.35
38700,-25386,135.068,-25521,150.57,0.00555932,19.4
38800,-25385.6,135.818,-25521.4,151.335,0.00538737,19.45
38900,-25385.2,135.514,-25520.7,150.753,0.00523365,19.5
39000,-25384.9,137.915,-25522.8,153.577,0.00544987,19.55
39100,-25384.5,138.819,-25523.4,154.554,0.00485252,19.6
39200,-25384.2,137.199,-25521.4,152.513,0.00416984,19.65
39300,-25384,139.466,-25523.5,155.235,0.00350985,19.7
39400,-25383.7,137.692,-25521.4,153.211,0.00368207,19.75
39500,-25383.5,137.409,-25520.9,152.764,0.00486233,19.8
39600,-25383.1,138.274,-25521.4,153.981,0.00531815,19.85
39700,-25382.8,138.048,-25520.8,153.579,0.00501311,19.9
39800,-25382.4,136.207,-25518.6,151.728,0.00543691,19.95
39900,-25382,135.358,-25517.3,150.933,0.00599961,20
40000,-25381.5,133.204,-25514.7,148.209,0.00625247,20.05
40100,-25381.1,135.403,-25516.5,151.025,0.00667713,20.1
40200,-25380.7,135.323,-25516,150.831,0.00630113,20.15
40300,-25380.3,137.616,-25517.9,153.271,0.00601783,20.2
40400,-25379.9,137.441,-25517.4,153.159,0.00596719,20.25
40500,-25379.6,141.252,-25520.9,157.205,0.00584998,20.3
40600,-25379.3,137.763,-25517.1,153.477,0.00503356,20.35
40700,-25379,139.201,-25518.2,155.162,0.00414604,20.4
40800,-25378.7,137.513,-25516.2,153.179,0.00396768,20.45
40900,-25378.4,139.109,-25517.5,154.706,0.00403863,20.5
41000,-25378.1,139.031,-25517.1,155,0.00450573,20.55
41100,-25377.8,137.353,-25515.1,153.006,0.00524071,20.6
41200,-25377.4,139.523,-25516.9,155.586,0.00583316,20.65
41300,-25377,134.31,-25511.3,149.961,0.00654358,20.7
41400,-25376.6,138.477,-25515,154.352,0.00638663,20.75
41500,-25376.2,135.771,-25512,151.627,0.00546321,20.8
41600,-25375.8,136.349,-25512.2,151.958,0.00542843,20.85
41700,-25375.5,139.954,-25515.4,156.242,0.00544214,20.9
41800,-25375.1,138.726,-25513.8,155.025,0.0046122,20.95
41900,-25374.8,139.978,-25514.8,156.056,0.00438538,21
42000,-25374.5,140.057,-25514.6,156.233,0.00524115,21.05
42100,-25374.2,136.949,-25511.2,152.869,0.00535116,21.1
42200,-25373.9,138.317,-25512.2,154.431,0.00490023,21.15
42300,-25373.6,140.322,-25513.9,156.709,0.00479104,21.2
42400,-25373.2,138.227,-25511.5,154.394,0.00496581,21.25
42500,-25372.8,137.525,-25510.4,153.342,0.00460524,21.3
42600,-25372.5,139.83,-25512.3,156.193,0.00512508,21.35
42700,-25372.1,136.374,-25508.4,152.414,0.00641683,21.4
42800,-25371.6,139.949,-25511.6,156.211,0.00671918,21.45
42900,-25371.2,139.609,-25510.8,155.819,0.00646472,21.5
43000,-25370.8,138.449,-25509.3,154.654,0.00613715,21.55
43100,-25370.5,142.299,-25512.8,158.541,0.00547982,21.6
43200,-25370.1,140.422,-25510.6,156.579,0.0049107,21.65
43300,-25369.8,141.121,-25510.9,157.291,0.0045003,21.7
43400,-25369.5,140.724,-25510.2,156.953,0.0041799,21.75
43500,-25369.2,141.908,-25511.1,158.21,0.00490654,21.8
43600,-25368.8,139.988,-25508.8,156.221,0.00565502,21.85
43700,-25368.5,143.004,-25511.5,159.743,0.00566713,21.9
43800,-25368.1,140.707,-25508.8,157.302,0.00509249,21.95
43900,-25367.7,140.098,-25507.8,156.449,0.0049596,22
44000,-25367.2,140.291,-25507.5,156.626,0.00564869,22.05
44100,-25366.8,137.866,-25504.7,153.823,0.00570493,22.1
44200,-25366.4,142.04,-25508.4,158.613,0.00525576,22.15
44300,-25366,141.506,-25507.5,157.926,0.00563248,22.2
44400,-25365.6,141.298,-25506.9,157.608,0.00621719,22.25
44500,-25365.3,140.013,-25505.3,156.084,0.00526538,22.3
44600,-25364.9,144.265,-25509.2,160.816,0.00422275,22.35
44700,-25364.6,141.25,-25505.8,157.456,0.00421966,22.4
44800,-25364.3,143.446,-25507.7,160.005,0.00466075,22.45
44900,-25363.9,145.306,-25509.2,162.053,0.00441257,22.5
45000,-25363.6,145.054,-25508.7,161.765,0.00470631,22.55
45100,-25363.3,142.001,-25505.3,158.313,0.00607198,22.6
45200,-25362.9,142.312,-25505.2,158.852,0.00552018,22.65
45300,-25362.5,143.49,-25506,160.317,0.00425215,22.7
45400,-25362.1,141.77,-25503.9,158.401,0.00509976,22.75
45500,-25361.7,140.873,-25502.5,156.847,0.00587078,22.8
45600,-25361.3,142.113,-25503.4,158.453,0.00524314,22.85
45700,-25360.9,143.127,-25504,159.665,0.0050121,22.9
45800,-25360.5,142.46,-25503,158.927,0.00566895,22.95
45900,-25360.2,142.511,-25502.7,158.892,0.00609749,23
46000,-25359.8,142.873,-25502.7,159.6,0.00618646,23.05
46100,-25359.5,140.531,-25500,156.69,0.00528356,23.1
46200,-25359.1,142.903,-25502,159.54,0.00430928,23.15
46300,-25358.8,141.963,-25500.7,158.487,0.00415543,23.2
46400,-25358.4,142.293,-25500.7,158.973,0.00497044,23.25
46500,-25358,140.435,-25498.4,157.101,0.00633156,23.3
46600,-25357.6,143.91,-25501.5,160.608,0.00615759,23.35
46700,-25357.1,141.691,-25498.8,158.39,0.00549094,23.4
46800,-25356.7,140.157,-25496.9,156.337,0.00618826,23.45
46900,-25356.3,143.207,-25499.5,159.969,0.00604578,23.5
47000,-25355.8,143.161,-25499,159.673,0.00535771,23.55
47100,-25355.4,142.944,-25498.4,159.599,0.00554862,23.6
47200,-25355,142.435,-25497.5,158.891,0.00578509,23.65
47300,-25354.7,141.757,-25496.4,158.093,0.00556337,23.7
47400,-25354.3,143.227,-25497.5,159.833,0.00551144,23.75
47500,-25353.9,141.375,-25495.3,157.784,0.00588885,23.8
47600,-25353.5,143.679,-25497.2,160.471,0.00580094,23.85
47700,-25353.1,140.262,-25493.4,156.605,0.00534789,23.9
47800,-25352.7,140.865,-25493.6,157.055,0.00538974,23.95
47900,-25352.2,143.024,-25495.2,159.64,0.00677307,24
48000,-25351.7,141.43,-25493.2,157.863,0.00752456,24.05
48100,-25351.2,140.413,-25491.6,156.729,0.00714323,24.1
48200,-25350.7,142.214,-25492.9,158.631,0.00665764,24.15
48300,-25350.2,142.481,-25492.7,158.868,0.00667102,24.2
48400,-25349.8,143.71,-25493.5,160.105,0.00663227,24.25
48500,-25349.3,140.349,-25489.7,156.341,0.00612642,24.3
48600,-25348.9,145.448,-25494.4,161.962,0.0055726,24.35
48700,-25348.5,144.827,-25493.3,161.307,0.0055708,24.4
48800,-25348.1,141.495,-25489.6,157.584,0.0062581,24.45
48900,-25347.7,142.341,-25490.1,158.507,0.00627187,24.5
49000,-25347.3,145.699,-25493,162.299,0.0061846,24.55
49100,-25346.9,141.3,-25488.2,157.518,0.00611131,24.6
49200,-25346.4,142.544,-25489,158.93,0.00614326,24.65
49300,-25345.9,142.075,-25488,158.148,0.00651321,24.7
49400,-25345.4,141.34,-25486.8,157.602,0.00658647,24.75
49500,-25345,142.443,-25487.4,158.722,0.00704452,24.8
49600,-25344.5,142.563,-25487.1,158.93,0.00681813,24.85
49700,-25344.1,145.255,-25489.3,161.971,0.00630275,24.9
49800,-25343.6,144.301,-25487.9,160.92,0.00633964,24.95
49900,-25343.2,144.334,-25487.6,160.923,0.00586012,25
